{"nodes":[{"relationship_code":"1","name_of_relationship_in_english":"Self"},{"relationship_code":"2","name_of_relationship_in_english":"Spouse"},{"relationship_code":"3","name_of_relationship_in_english":"Father"},{"relationship_code":"4","name_of_relationship_in_english":"Mother"},{"relationship_code":"5","name_of_relationship_in_english":"Son"},{"relationship_code":"6","name_of_relationship_in_english":"Daughter"},{"relationship_code":"7","name_of_relationship_in_english":"Brother"},{"relationship_code":"8","name_of_relationship_in_english":"Sister"},{"relationship_code":"9","name_of_relationship_in_english":"Father In Law"},{"relationship_code":"10","name_of_relationship_in_english":"Mother In Law"},{"relationship_code":"11","name_of_relationship_in_english":"Brother-In-Law "},{"relationship_code":"12","name_of_relationship_in_english":"Sister-In-Law "},{"relationship_code":"13","name_of_relationship_in_english":"Nephew "},{"relationship_code":"14","name_of_relationship_in_english":"Niece "},{"relationship_code":"15","name_of_relationship_in_english":"Grandson "},{"relationship_code":"16","name_of_relationship_in_english":"Granddaughter  "},{"relationship_code":"17","name_of_relationship_in_english":"Grandfather "},{"relationship_code":"18","name_of_relationship_in_english":"Grandmother "},{"relationship_code":"19","name_of_relationship_in_english":"Other "}]}